Title: Begraafplaatsen in Limburg - Overzicht van alle locaties

URL Source: https://www.begraafplaatsinformatie.nl/limburg

Markdown Content:
Begraafplaatsen in Limburg - Overzicht van alle locaties

===============

[Veelgestelde vragen](https://www.begraafplaatsinformatie.nl/veelgestelde-vragen)[Contact](https://www.begraafplaatsinformatie.nl/contact)

[![Image 1: Logo](https://www.begraafplaatsinformatie.nl/img/logo.svg)](https://www.begraafplaatsinformatie.nl/)

##### Menu

*   [Provincies](https://www.begraafplaatsinformatie.nl/limburg#)
    *   [Drenthe](https://www.begraafplaatsinformatie.nl/drenthe)
    *   [Flevoland](https://www.begraafplaatsinformatie.nl/flevoland)
    *   [Friesland](https://www.begraafplaatsinformatie.nl/friesland)
    *   [Gelderland](https://www.begraafplaatsinformatie.nl/gelderland)
    *   [Groningen](https://www.begraafplaatsinformatie.nl/groningen)
    *   [Limburg](https://www.begraafplaatsinformatie.nl/limburg)
    *   [Noord-Brabant](https://www.begraafplaatsinformatie.nl/noord-brabant)
    *   [Noord-Holland](https://www.begraafplaatsinformatie.nl/noord-holland)
    *   [Overijssel](https://www.begraafplaatsinformatie.nl/overijssel)
    *   [Utrecht](https://www.begraafplaatsinformatie.nl/utrecht)
    *   [Zeeland](https://www.begraafplaatsinformatie.nl/zeeland)
    *   [Zuid-Holland](https://www.begraafplaatsinformatie.nl/zuid-holland)

*   [Over Ons](https://www.begraafplaatsinformatie.nl/over-ons)
*   [Uitvaartverzekering](https://www.begraafplaatsinformatie.nl/uitvaartverzekering)
*   [Contact](https://www.begraafplaatsinformatie.nl/contact)
*   [Zoek op kaart](https://www.begraafplaatsinformatie.nl/kaart)

[Zoek op kaart](https://www.begraafplaatsinformatie.nl/kaart)

* * *

*   [Veelgestelde vragen](https://www.begraafplaatsinformatie.nl/veelgestelde-vragen)
*   [Contact](https://www.begraafplaatsinformatie.nl/contact)

1.   [](https://www.begraafplaatsinformatie.nl/)

Begraafplaatsen in Limburg
==========================

Heuvels, bourgondische sfeer en vakwerkhuizen. Limburg voelt buitenlands aan in eigen land.

Kaart van Limburg
-----------------

[](https://www.mapbox.com/)

[© Mapbox](https://www.mapbox.com/about/maps "Mapbox")[© OpenStreetMap](https://www.openstreetmap.org/copyright/ "OpenStreetMap")[Improve this map](https://apps.mapbox.com/feedback/?owner=simonjanssen&id=cm9vso53f01fu01qu55yqaqok&access_token=pk.eyJ1Ijoic2ltb25qYW5zc2VuIiwiYSI6ImNtYTZ1bHdscTA1NDYyanF6cnJtcTh3bHkifQ.z-hMwIFulq5uDhtIAwCt_A#/5.927/51.269/7.45)

### 443

Begraafplaatsen

### 31

Gemeenten

### 218

Plaatsen

Gemeenten in Limburg
--------------------

Klik op een gemeente om alle begraafplaatsen in die gemeente te bekijken.

##### B

[Beek](https://www.begraafplaatsinformatie.nl/gemeente/beek)10

[Beekdaelen](https://www.begraafplaatsinformatie.nl/gemeente/beekdaelen)21

[Beesel](https://www.begraafplaatsinformatie.nl/gemeente/beesel)4

[Bergen Li](https://www.begraafplaatsinformatie.nl/gemeente/bergen-li)7

[Brunssum](https://www.begraafplaatsinformatie.nl/gemeente/brunssum)6

##### E

[Echt-Susteren](https://www.begraafplaatsinformatie.nl/gemeente/echt-susteren)15

[Eijsden-Margraten](https://www.begraafplaatsinformatie.nl/gemeente/eijsden-margraten)27

##### G

[Gennep](https://www.begraafplaatsinformatie.nl/gemeente/gennep)12

[Gulpen-Wittem](https://www.begraafplaatsinformatie.nl/gemeente/gulpen-wittem)18

##### H

[Heerlen](https://www.begraafplaatsinformatie.nl/gemeente/heerlen)16

[Horst aan de Maas](https://www.begraafplaatsinformatie.nl/gemeente/horst-aan-de-maas)18

##### K

[Kerkrade](https://www.begraafplaatsinformatie.nl/gemeente/kerkrade)17

##### L

[Landgraaf](https://www.begraafplaatsinformatie.nl/gemeente/landgraaf)13

[Leudal](https://www.begraafplaatsinformatie.nl/gemeente/leudal)24

##### M

[Maasgouw](https://www.begraafplaatsinformatie.nl/gemeente/maasgouw)17

[Maastricht](https://www.begraafplaatsinformatie.nl/gemeente/maastricht)16

[Meerssen](https://www.begraafplaatsinformatie.nl/gemeente/meerssen)13

[Mook en Middelaar](https://www.begraafplaatsinformatie.nl/gemeente/mook-en-middelaar)6

##### N

[Nederweert](https://www.begraafplaatsinformatie.nl/gemeente/nederweert)6

##### P

[Peel en Maas](https://www.begraafplaatsinformatie.nl/gemeente/peel-en-maas)15

##### R

[Roerdalen](https://www.begraafplaatsinformatie.nl/gemeente/roerdalen)13

[Roermond](https://www.begraafplaatsinformatie.nl/gemeente/roermond)15

##### S

[Simpelveld](https://www.begraafplaatsinformatie.nl/gemeente/simpelveld)4

[Sittard-Geleen](https://www.begraafplaatsinformatie.nl/gemeente/sittard-geleen)29

[Stein](https://www.begraafplaatsinformatie.nl/gemeente/stein)12

##### V

[Vaals](https://www.begraafplaatsinformatie.nl/gemeente/vaals)13

[Valkenburg aan de Geul](https://www.begraafplaatsinformatie.nl/gemeente/valkenburg-aan-de-geul)14

[Venlo](https://www.begraafplaatsinformatie.nl/gemeente/venlo)22

[Venray](https://www.begraafplaatsinformatie.nl/gemeente/venray)20

[Voerendaal](https://www.begraafplaatsinformatie.nl/gemeente/voerendaal)6

##### W

[Weert](https://www.begraafplaatsinformatie.nl/gemeente/weert)14

Alle begraafplaatsen in Limburg
-------------------------------

Overzicht van alle 443 begraafplaatsen in deze provincie.

##### Algemene Begraafplaats

Maastricht

[Bekijk details](https://www.begraafplaatsinformatie.nl/maastricht/algemene-begraafplaats-in-maastricht)

##### Algemene Begraafplaats

Maasgouw - Thorn

[Bekijk details](https://www.begraafplaatsinformatie.nl/thorn/algemene-begraafplaats-in-thorn)

##### Algemene Begraafplaats Beesel

Beesel

[Bekijk details](https://www.begraafplaatsinformatie.nl/beesel/algemene-begraafplaats-beesel-in-beesel)

##### Algemene Begraafplaats Bunde vh RK St. Agnes

Meerssen - Bunde

[Bekijk details](https://www.begraafplaatsinformatie.nl/bunde/algemene-begraafplaats-bunde-vh-rk-st-agnes-in-bunde)

##### Algemene Begraafplaats Linderweg

Vaals

[Bekijk details](https://www.begraafplaatsinformatie.nl/vaals/algemene-begraafplaats-linderweg-in-vaals)

##### Algemene Begraafplaats Nabij kapel in 't Zand

Roermond

[Bekijk details](https://www.begraafplaatsinformatie.nl/roermond/algemene-begraafplaats-nabij-kapel-in-t-zand-in-roermond)

##### Algemene Begraafplaats Samenwerking

Brunssum

[Bekijk details](https://www.begraafplaatsinformatie.nl/brunssum/algemene-begraafplaats-samenwerking-in-brunssum)

##### American Military Cemetery

Eijsden-Margraten - Margraten

[Bekijk details](https://www.begraafplaatsinformatie.nl/margraten/american-military-cemetery-in-margraten)

##### Begraafplaats

Beekdaelen - Sweikhuizen

[Bekijk details](https://www.begraafplaatsinformatie.nl/sweikhuizen/begraafplaats-in-sweikhuizen)

##### Begraafplaats

Horst aan de Maas - Evertsoord

[Bekijk details](https://www.begraafplaatsinformatie.nl/evertsoord/begraafplaats-in-evertsoord)

##### Begraafplaats

Beekdaelen - Schinveld

[Bekijk details](https://www.begraafplaatsinformatie.nl/schinveld/begraafplaats-in-schinveld)

##### Begraafplaats

Bergen Li - Nieuw-Bergen

[Bekijk details](https://www.begraafplaatsinformatie.nl/nieuw-bergen/begraafplaats-in-nieuw-bergen)

##### Begraafplaats

Gulpen-Wittem - Nijswiller

[Bekijk details](https://www.begraafplaatsinformatie.nl/nijswiller/begraafplaats-in-nijswiller)

##### Begraafplaats

Nederweert

[Bekijk details](https://www.begraafplaatsinformatie.nl/nederweert/begraafplaats-in-nederweert)

##### Begraafplaats

Beesel - Reuver

[Bekijk details](https://www.begraafplaatsinformatie.nl/reuver/begraafplaats-in-reuver)

##### Begraafplaats

Simpelveld

[Bekijk details](https://www.begraafplaatsinformatie.nl/simpelveld/begraafplaats-in-simpelveld)

##### Begraafplaats

Venlo - Tegelen

[Bekijk details](https://www.begraafplaatsinformatie.nl/tegelen/begraafplaats-in-tegelen)

##### Begraafplaats

Beek - Neerbeek

[Bekijk details](https://www.begraafplaatsinformatie.nl/neerbeek/begraafplaats-in-neerbeek)

##### Begraafplaats

Gulpen-Wittem - Slenaken

[Bekijk details](https://www.begraafplaatsinformatie.nl/slenaken/begraafplaats-in-slenaken)

##### Begraafplaats

Gulpen-Wittem - Reijmerstok

[Bekijk details](https://www.begraafplaatsinformatie.nl/reijmerstok/begraafplaats-in-reijmerstok)

##### Begraafplaats

Sittard-Geleen - Holtum

[Bekijk details](https://www.begraafplaatsinformatie.nl/holtum/begraafplaats-in-holtum)

##### Begraafplaats 't Höltje

Peel en Maas - Helden

[Bekijk details](https://www.begraafplaatsinformatie.nl/helden/begraafplaats-t-h-ltje-in-helden)

##### Begraafplaats Abdissenbosch

Landgraaf - Abdissenbosch

[Bekijk details](https://www.begraafplaatsinformatie.nl/abdissenbosch/begraafplaats-abdissenbosch-in-abdissenbosch)

##### Begraafplaats bij Slotklooster

Venlo - Steijl

[Bekijk details](https://www.begraafplaatsinformatie.nl/steijl/begraafplaats-bij-slotklooster-in-steijl)

##### Begraafplaats Bleijerheide

Kerkrade

[Bekijk details](https://www.begraafplaatsinformatie.nl/kerkrade/begraafplaats-bleijerheide-in-kerkrade)

##### Begraafplaats Boschhuizen

Venray

[Bekijk details](https://www.begraafplaatsinformatie.nl/venray/begraafplaats-boschhuizen-in-venray)

##### Begraafplaats Brummeberg

Roermond - Merum

[Bekijk details](https://www.begraafplaatsinformatie.nl/merum/begraafplaats-brummeberg-in-merum)

##### Begraafplaats Chevremont

Kerkrade

[Bekijk details](https://www.begraafplaatsinformatie.nl/kerkrade/begraafplaats-chevremont-in-kerkrade)

##### Begraafplaats De Huysbongerd

Roerdalen - Montfort

[Bekijk details](https://www.begraafplaatsinformatie.nl/montfort/begraafplaats-de-huysbongerd-in-montfort)

##### Begraafplaats De Nieuwe Hof

Beek

[Bekijk details](https://www.begraafplaatsinformatie.nl/beek/begraafplaats-de-nieuwe-hof-in-beek)

##### Begraafplaats Eikske

Landgraaf

[Bekijk details](https://www.begraafplaatsinformatie.nl/landgraaf/begraafplaats-eikske-in-landgraaf)

##### Begraafplaats en crematorium Schifferheide

Kerkrade

[Bekijk details](https://www.begraafplaatsinformatie.nl/kerkrade/begraafplaats-en-crematorium-schifferheide-in-kerkrade)

##### Begraafplaats en mausoleum Mgr. Mutsaersoord, Venlo

Venlo

[Bekijk details](https://www.begraafplaatsinformatie.nl/venlo/begraafplaats-en-mausoleum-mgr-mutsaersoord-venlo-in-venlo)

##### Begraafplaats Franciscanen

Weert

[Bekijk details](https://www.begraafplaatsinformatie.nl/weert/begraafplaats-franciscanen-in-weert)

##### Begraafplaats Gracht was kerkhof

Kerkrade

[Bekijk details](https://www.begraafplaatsinformatie.nl/kerkrade/begraafplaats-gracht-was-kerkhof-in-kerkrade)

##### Begraafplaats Haanrade

Kerkrade

[Bekijk details](https://www.begraafplaatsinformatie.nl/kerkrade/begraafplaats-haanrade-in-kerkrade)

##### Begraafplaats Heer

Maastricht

[Bekijk details](https://www.begraafplaatsinformatie.nl/maastricht/begraafplaats-heer-in-maastricht)

##### Begraafplaats Heiderust met Isl. Deel

Peel en Maas - Koningslust

[Bekijk details](https://www.begraafplaatsinformatie.nl/koningslust/begraafplaats-heiderust-met-isl-deel-in-koningslust)

##### Begraafplaats Heilig Hart Klooster

Venlo - Steijl

[Bekijk details](https://www.begraafplaatsinformatie.nl/steijl/begraafplaats-heilig-hart-klooster-in-steijl)

##### Begraafplaats Heilust Spekholzerheide

Kerkrade

[Bekijk details](https://www.begraafplaatsinformatie.nl/kerkrade/begraafplaats-heilust-spekholzerheide-in-kerkrade)

##### Begraafplaats Heugem

Maastricht

[Bekijk details](https://www.begraafplaatsinformatie.nl/maastricht/begraafplaats-heugem-in-maastricht)

##### Begraafplaats Holz

Kerkrade

[Bekijk details](https://www.begraafplaatsinformatie.nl/kerkrade/begraafplaats-holz-in-kerkrade)

##### Begraafplaats Hulsberg

Beekdaelen - Hulsberg

[Bekijk details](https://www.begraafplaatsinformatie.nl/hulsberg/begraafplaats-hulsberg-in-hulsberg)

##### Begraafplaats Kaalheide

Kerkrade

[Bekijk details](https://www.begraafplaatsinformatie.nl/kerkrade/begraafplaats-kaalheide-in-kerkrade)

##### Begraafplaats Kakert

Landgraaf

[Bekijk details](https://www.begraafplaatsinformatie.nl/landgraaf/begraafplaats-kakert-in-landgraaf)

##### Begraafplaats Klooster St. Benedictusabdij

Vaals - Lemiers

[Bekijk details](https://www.begraafplaatsinformatie.nl/lemiers/begraafplaats-klooster-st-benedictusabdij-in-lemiers)

##### Begraafplaats Kloosterstraat

Horst aan de Maas - Horst

[Bekijk details](https://www.begraafplaatsinformatie.nl/horst/begraafplaats-kloosterstraat-in-horst)

##### Begraafplaats Krietheuvel

Maasgouw - Wessem

[Bekijk details](https://www.begraafplaatsinformatie.nl/wessem/begraafplaats-krietheuvel-in-wessem)

##### Begraafplaats Lahrhof

Sittard-Geleen - Sittard

[Bekijk details](https://www.begraafplaatsinformatie.nl/sittard/begraafplaats-lahrhof-in-sittard)

##### Begraafplaats Leeuwen

Roermond

[Bekijk details](https://www.begraafplaatsinformatie.nl/roermond/begraafplaats-leeuwen-in-roermond)

##### Begraafplaats Lindenheuvel NH

Sittard-Geleen - Geleen

[Bekijk details](https://www.begraafplaatsinformatie.nl/geleen/begraafplaats-lindenheuvel-nh-in-geleen)

##### Begraafplaats Lindenheuvel RK

Sittard-Geleen - Geleen

[Bekijk details](https://www.begraafplaatsinformatie.nl/geleen/begraafplaats-lindenheuvel-rk-in-geleen)

##### Begraafplaats Lutterade-Krawinkel

Sittard-Geleen - Geleen

[Bekijk details](https://www.begraafplaatsinformatie.nl/geleen/begraafplaats-lutterade-krawinkel-in-geleen)

##### Begraafplaats Maasniel

Roermond

[Bekijk details](https://www.begraafplaatsinformatie.nl/roermond/begraafplaats-maasniel-in-roermond)

##### Begraafplaats Mariadorp

Eijsden-Margraten - Mariadorp

[Bekijk details](https://www.begraafplaatsinformatie.nl/mariadorp/begraafplaats-mariadorp-in-mariadorp)

##### Begraafplaats Meterik

Horst aan de Maas - Meterik

[Bekijk details](https://www.begraafplaatsinformatie.nl/meterik/begraafplaats-meterik-in-meterik)

##### Begraafplaats Minderbroedersklooster

Weert

[Bekijk details](https://www.begraafplaatsinformatie.nl/weert/begraafplaats-minderbroedersklooster-in-weert)

##### Begraafplaats Molendijk

Venlo - Velden

[Bekijk details](https://www.begraafplaatsinformatie.nl/velden/begraafplaats-molendijk-in-velden)

##### Begraafplaats OLV van de berg Carmel

Landgraaf

[Bekijk details](https://www.begraafplaatsinformatie.nl/landgraaf/begraafplaats-olv-van-de-berg-carmel-in-landgraaf)

##### Begraafplaats Onze Lieve Vrouw van Smarten Paterspaadje

Mook en Middelaar - Molenhoek

[Bekijk details](https://www.begraafplaatsinformatie.nl/molenhoek/begraafplaats-onze-lieve-vrouw-van-smarten-paterspaadje-in-molenhoek)

##### Begraafplaats Oud Geleen

Sittard-Geleen - Geleen

[Bekijk details](https://www.begraafplaatsinformatie.nl/geleen/begraafplaats-oud-geleen-in-geleen)

##### Begraafplaats Oudenbosch

Beekdaelen - Wijnandsrade

[Bekijk details](https://www.begraafplaatsinformatie.nl/wijnandsrade/begraafplaats-oudenbosch-in-wijnandsrade)

##### Begraafplaats parochie H. Matthias

Roerdalen - Posterholt

[Bekijk details](https://www.begraafplaatsinformatie.nl/posterholt/begraafplaats-parochie-h-matthias-in-posterholt)

##### Begraafplaats St. Joseph

Heerlen - Hoensbroek

[Bekijk details](https://www.begraafplaatsinformatie.nl/hoensbroek/begraafplaats-st-joseph-in-hoensbroek)

##### Begraafplaats St. Joseph Broekhem

Valkenburg aan de Geul - Valkenburg

[Bekijk details](https://www.begraafplaatsinformatie.nl/valkenburg/begraafplaats-st-joseph-broekhem-in-valkenburg)

##### Begraafplaats St. Joseph Heerlerbaan

Heerlen

[Bekijk details](https://www.begraafplaatsinformatie.nl/heerlen/begraafplaats-st-joseph-heerlerbaan-in-heerlen)

##### Begraafplaats St. Ludwig

Roerdalen - Vlodrop

[Bekijk details](https://www.begraafplaatsinformatie.nl/vlodrop/begraafplaats-st-ludwig-in-vlodrop)

##### Begraafplaats Terwinselen

Kerkrade

[Bekijk details](https://www.begraafplaatsinformatie.nl/kerkrade/begraafplaats-terwinselen-in-kerkrade)

##### Begraafplaats Vouersveld

Sittard-Geleen - Geleen

[Bekijk details](https://www.begraafplaatsinformatie.nl/geleen/begraafplaats-vouersveld-in-geleen)

##### Begraafplaats Zuid

Sittard-Geleen - Geleen

[Bekijk details](https://www.begraafplaatsinformatie.nl/geleen/begraafplaats-zuid-in-geleen)

##### Bergerkamp

Maasgouw - Linne

[Bekijk details](https://www.begraafplaatsinformatie.nl/linne/bergerkamp-in-linne)

##### Bijzonder kerkhof H. Theresia

Voerendaal - Ransdaal

[Bekijk details](https://www.begraafplaatsinformatie.nl/ransdaal/bijzonder-kerkhof-h-theresia-in-ransdaal)

##### Britisch War Cemetery

Brunssum

[Bekijk details](https://www.begraafplaatsinformatie.nl/brunssum/britisch-war-cemetery-in-brunssum)

##### British War Cemetery

Venray

[Bekijk details](https://www.begraafplaatsinformatie.nl/venray/british-war-cemetery-in-venray)

##### British War Cemetery

Nederweert

[Bekijk details](https://www.begraafplaatsinformatie.nl/nederweert/british-war-cemetery-in-nederweert)

##### British War Cemetery

Gennep - Milsbeek

[Bekijk details](https://www.begraafplaatsinformatie.nl/milsbeek/british-war-cemetery-in-milsbeek)

##### British War Cemetery

Mook en Middelaar - Mook

[Bekijk details](https://www.begraafplaatsinformatie.nl/mook/british-war-cemetery-in-mook)

##### British War Cemetery

Sittard-Geleen - Sittard

[Bekijk details](https://www.begraafplaatsinformatie.nl/sittard/british-war-cemetery-in-sittard)

##### Centrale Begraafplaats

Heerlen - Hoensbroek

[Bekijk details](https://www.begraafplaatsinformatie.nl/hoensbroek/centrale-begraafplaats-in-hoensbroek)

##### Crypte Klooster St. Benedictusabdij

Vaals - Lemiers

[Bekijk details](https://www.begraafplaatsinformatie.nl/lemiers/crypte-klooster-st-benedictusabdij-in-lemiers)

##### Crypte Klooster Wittem

Gulpen-Wittem - Wittem

[Bekijk details](https://www.begraafplaatsinformatie.nl/wittem/crypte-klooster-wittem-in-wittem)

##### De Blerickse Bergen Blerick

Venlo

[Bekijk details](https://www.begraafplaatsinformatie.nl/venlo/de-blerickse-bergen-blerick-in-venlo)

##### Duitse OorlogsBegraafplaats

Venray - Ysselsteyn

[Bekijk details](https://www.begraafplaatsinformatie.nl/ysselsteyn/duitse-oorlogsbegraafplaats-in-ysselsteyn)

##### Fabianus en Sebastianuskerkhof

Horst aan de Maas - Sevenum

[Bekijk details](https://www.begraafplaatsinformatie.nl/sevenum/fabianus-en-sebastianuskerkhof-in-sevenum)

##### Familiebegraafplaats kasteel Walburg

Maasgouw - Stevensweert

[Bekijk details](https://www.begraafplaatsinformatie.nl/stevensweert/familiebegraafplaats-kasteel-walburg-in-stevensweert)

##### Familiegraf Von Pelser Berensberg

Vaals - Lemiers

[Bekijk details](https://www.begraafplaatsinformatie.nl/lemiers/familiegraf-von-pelser-berensberg-in-lemiers)

##### Gemeentelijk kerkhof

Maasgouw - Maasbracht

[Bekijk details](https://www.begraafplaatsinformatie.nl/maasbracht/gemeentelijk-kerkhof-in-maasbracht)

##### Gemeentelijk Kerkhof met RK deel

Horst aan de Maas - Grubbenvorst

[Bekijk details](https://www.begraafplaatsinformatie.nl/grubbenvorst/gemeentelijk-kerkhof-met-rk-deel-in-grubbenvorst)

##### Gemeentelijke Begraafplaats

Voerendaal

[Bekijk details](https://www.begraafplaatsinformatie.nl/voerendaal/gemeentelijke-begraafplaats-in-voerendaal)

##### Gemeentelijke Begraafplaats

Valkenburg aan de Geul - Valkenburg

[Bekijk details](https://www.begraafplaatsinformatie.nl/valkenburg/gemeentelijke-begraafplaats-in-valkenburg)

##### Gemeentelijke Begraafplaats

Beekdaelen - Merkelbeek

[Bekijk details](https://www.begraafplaatsinformatie.nl/merkelbeek/gemeentelijke-begraafplaats-in-merkelbeek)

##### Gemeentelijke Begraafplaats

Roerdalen - Melick

[Bekijk details](https://www.begraafplaatsinformatie.nl/melick/gemeentelijke-begraafplaats-in-melick)

##### Gemeentelijke Begraafplaats

Landgraaf

[Bekijk details](https://www.begraafplaatsinformatie.nl/landgraaf/gemeentelijke-begraafplaats-in-landgraaf)

##### Gemeentelijke Begraafplaats

Venlo - Belfeld

[Bekijk details](https://www.begraafplaatsinformatie.nl/belfeld/gemeentelijke-begraafplaats-in-belfeld)

##### Gemeentelijke Begraafplaats

Weert

[Bekijk details](https://www.begraafplaatsinformatie.nl/weert/gemeentelijke-begraafplaats-in-weert)

##### Gemeentelijke Begraafplaats

Stein - Urmond

[Bekijk details](https://www.begraafplaatsinformatie.nl/urmond/gemeentelijke-begraafplaats-in-urmond)

##### Gemeentelijke Begraafplaats

Stein - Elsloo

[Bekijk details](https://www.begraafplaatsinformatie.nl/elsloo/gemeentelijke-begraafplaats-in-elsloo)

##### Gemeentelijke Begraafplaats

Meerssen

[Bekijk details](https://www.begraafplaatsinformatie.nl/meerssen/gemeentelijke-begraafplaats-in-meerssen)

##### Gemeentelijke Begraafplaats

Eijsden-Margraten - Eijsden

[Bekijk details](https://www.begraafplaatsinformatie.nl/eijsden/gemeentelijke-begraafplaats-in-eijsden)

##### Gemeentelijke Begraafplaats

Valkenburg aan de Geul - Sibbe

[Bekijk details](https://www.begraafplaatsinformatie.nl/sibbe/gemeentelijke-begraafplaats-in-sibbe)

##### Gemeentelijke Begraafplaats

Eijsden-Margraten - Gronsveld

[Bekijk details](https://www.begraafplaatsinformatie.nl/gronsveld/gemeentelijke-begraafplaats-in-gronsveld)

##### Gemeentelijke Begraafplaats

Gulpen-Wittem - Gulpen

[Bekijk details](https://www.begraafplaatsinformatie.nl/gulpen/gemeentelijke-begraafplaats-in-gulpen)

##### Gemeentelijke Begraafplaats

Valkenburg aan de Geul - Berg en Terblijt

[Bekijk details](https://www.begraafplaatsinformatie.nl/berg-en-terblijt/gemeentelijke-begraafplaats-in-berg-en-terblijt)

##### Gemeentelijke Begraafplaats

Eijsden-Margraten - Noorbeek

[Bekijk details](https://www.begraafplaatsinformatie.nl/noorbeek/gemeentelijke-begraafplaats-in-noorbeek)

##### Gemeentelijke Begraafplaats

Roerdalen - Herkenbosch

[Bekijk details](https://www.begraafplaatsinformatie.nl/herkenbosch/gemeentelijke-begraafplaats-in-herkenbosch)

##### Gemeentelijke Begraafplaats achter kerkhof St. Stephanus

Maasgouw - Stevensweert

[Bekijk details](https://www.begraafplaatsinformatie.nl/stevensweert/gemeentelijke-begraafplaats-achter-kerkhof-st-stephanus-in-stevensweert)

##### Gemeentelijke Begraafplaats Annahof

Echt-Susteren - Echt Gebroek

[Bekijk details](https://www.begraafplaatsinformatie.nl/echt-gebroek/gemeentelijke-begraafplaats-annahof-in-echt-gebroek)

##### Gemeentelijke Begraafplaats Anxterveld

Roerdalen - Vlodrop

[Bekijk details](https://www.begraafplaatsinformatie.nl/vlodrop/gemeentelijke-begraafplaats-anxterveld-in-vlodrop)

##### Gemeentelijke Begraafplaats BroekSittard

Sittard-Geleen - Sittard

[Bekijk details](https://www.begraafplaatsinformatie.nl/sittard/gemeentelijke-begraafplaats-broeksittard-in-sittard)

##### Gemeentelijke Begraafplaats Daelderveld

Beekdaelen - Nuth

[Bekijk details](https://www.begraafplaatsinformatie.nl/nuth/gemeentelijke-begraafplaats-daelderveld-in-nuth)

##### Gemeentelijke Begraafplaats Elsene

Echt-Susteren - Nieuwstadt

[Bekijk details](https://www.begraafplaatsinformatie.nl/nieuwstadt/gemeentelijke-begraafplaats-elsene-in-nieuwstadt)

##### Gemeentelijke Begraafplaats Haelen

Leudal - Horn

[Bekijk details](https://www.begraafplaatsinformatie.nl/horn/gemeentelijke-begraafplaats-haelen-in-horn)

##### Gemeentelijke Begraafplaats Hambos

Kerkrade

[Bekijk details](https://www.begraafplaatsinformatie.nl/kerkrade/gemeentelijke-begraafplaats-hambos-in-kerkrade)

##### Gemeentelijke Begraafplaats Heerlen Centrum

Heerlen

[Bekijk details](https://www.begraafplaatsinformatie.nl/heerlen/gemeentelijke-begraafplaats-heerlen-centrum-in-heerlen)

##### Gemeentelijke Begraafplaats Heerlerheide

Heerlen

[Bekijk details](https://www.begraafplaatsinformatie.nl/heerlen/gemeentelijke-begraafplaats-heerlerheide-in-heerlen)

##### Gemeentelijke Begraafplaats Het Zittart

Roerdalen - Sint Odiliënberg

[Bekijk details](https://www.begraafplaatsinformatie.nl/sint-odili-nberg/gemeentelijke-begraafplaats-het-zittart-in-sint-odili-nberg)

##### Gemeentelijke Begraafplaats Imstenrade

Heerlen

[Bekijk details](https://www.begraafplaatsinformatie.nl/heerlen/gemeentelijke-begraafplaats-imstenrade-in-heerlen)

##### Gemeentelijke Begraafplaats Kerensheide

Stein

[Bekijk details](https://www.begraafplaatsinformatie.nl/stein/gemeentelijke-begraafplaats-kerensheide-in-stein)

##### Gemeentelijke Begraafplaats Kleikoeleweg

Landgraaf

[Bekijk details](https://www.begraafplaatsinformatie.nl/landgraaf/gemeentelijke-begraafplaats-kleikoeleweg-in-landgraaf)

##### Gemeentelijke Begraafplaats Merkelbeekerstraat

Brunssum

[Bekijk details](https://www.begraafplaatsinformatie.nl/brunssum/gemeentelijke-begraafplaats-merkelbeekerstraat-in-brunssum)

##### Gemeentelijke Begraafplaats met RK deel

Gennep

[Bekijk details](https://www.begraafplaatsinformatie.nl/gennep/gemeentelijke-begraafplaats-met-rk-deel-in-gennep)

##### Gemeentelijke Begraafplaats Senserhove

Maasgouw - Beegden

[Bekijk details](https://www.begraafplaatsinformatie.nl/beegden/gemeentelijke-begraafplaats-senserhove-in-beegden)

##### Gemeentelijke Begraafplaats St. Jan

Heerlen - Hoensbroek

[Bekijk details](https://www.begraafplaatsinformatie.nl/hoensbroek/gemeentelijke-begraafplaats-st-jan-in-hoensbroek)

##### Gemeentelijke Begraafplaats Steenenkruisweg

Landgraaf

[Bekijk details](https://www.begraafplaatsinformatie.nl/landgraaf/gemeentelijke-begraafplaats-steenenkruisweg-in-landgraaf)

##### Gemeentelijke Begraafplaats tegenover de Kerk

Valkenburg aan de Geul - Berg en Terblijt

[Bekijk details](https://www.begraafplaatsinformatie.nl/berg-en-terblijt/gemeentelijke-begraafplaats-tegenover-de-kerk-in-berg-en-terblijt)

##### Gemeentelijke Begraafplaats Ter Borgh

Roerdalen - Posterholt

[Bekijk details](https://www.begraafplaatsinformatie.nl/posterholt/gemeentelijke-begraafplaats-ter-borgh-in-posterholt)

##### Gemeentelijke Begraafplaats Venlo

Venlo

[Bekijk details](https://www.begraafplaatsinformatie.nl/venlo/gemeentelijke-begraafplaats-venlo-in-venlo)

##### Gemeentelijke Begraafplaats voorheen RK

Peel en Maas - Panningen

[Bekijk details](https://www.begraafplaatsinformatie.nl/panningen/gemeentelijke-begraafplaats-voorheen-rk-in-panningen)

##### Grafkapel familie Regout

Meerssen

[Bekijk details](https://www.begraafplaatsinformatie.nl/meerssen/grafkapel-familie-regout-in-meerssen)

##### Grafkapel Maria-Teresa Tauscher

Sittard-Geleen - Sittard

[Bekijk details](https://www.begraafplaatsinformatie.nl/sittard/grafkapel-maria-teresa-tauscher-in-sittard)

##### Grafkapel Mgr. Savelberg

Heerlen

[Bekijk details](https://www.begraafplaatsinformatie.nl/heerlen/grafkapel-mgr-savelberg-in-heerlen)

##### Grafkelder familie Van Crugten

Roermond - Herten

[Bekijk details](https://www.begraafplaatsinformatie.nl/herten/grafkelder-familie-van-crugten-in-herten)

##### Grafkelder Van Scherpenzeel Heusch

Roerdalen - Vlodrop

[Bekijk details](https://www.begraafplaatsinformatie.nl/vlodrop/grafkelder-van-scherpenzeel-heusch-in-vlodrop)

##### Grafmonument voor Baron Des Tombe in Waldeckpark

Maastricht

[Bekijk details](https://www.begraafplaatsinformatie.nl/maastricht/grafmonument-voor-baron-des-tombe-in-waldeckpark-in-maastricht)

##### H Joannes de Doperbegraafplaats

Venray - Merselo

[Bekijk details](https://www.begraafplaatsinformatie.nl/merselo/h-joannes-de-doperbegraafplaats-in-merselo)

##### H Lambertuskerkhof

Peel en Maas - Helden

[Bekijk details](https://www.begraafplaatsinformatie.nl/helden/h-lambertuskerkhof-in-helden)

##### H Stephanuskerkhof

Beekdaelen - Wijnandsrade

[Bekijk details](https://www.begraafplaatsinformatie.nl/wijnandsrade/h-stephanuskerkhof-in-wijnandsrade)

##### H. Bavokerkhof

Beekdaelen - Nuth

[Bekijk details](https://www.begraafplaatsinformatie.nl/nuth/h-bavokerkhof-in-nuth)

##### H. Catharinabegraafplaats

Vaals - Lemiers

[Bekijk details](https://www.begraafplaatsinformatie.nl/lemiers/h-catharinabegraafplaats-in-lemiers)

##### H. Hart van Jezusbegraafplaats

Meerssen - Rothem

[Bekijk details](https://www.begraafplaatsinformatie.nl/rothem/h-hart-van-jezusbegraafplaats-in-rothem)

##### H. Joannes de Doperkerkhof

Echt-Susteren - Nieuwstadt

[Bekijk details](https://www.begraafplaatsinformatie.nl/nieuwstadt/h-joannes-de-doperkerkhof-in-nieuwstadt)

##### H. Margaritakerkhof

Eijsden-Margraten - Margraten

[Bekijk details](https://www.begraafplaatsinformatie.nl/margraten/h-margaritakerkhof-in-margraten)

##### H. Martinus Kerkhof

Vaals - Vijlen

[Bekijk details](https://www.begraafplaatsinformatie.nl/vijlen/h-martinus-kerkhof-in-vijlen)

##### H. Martinusbegraafplaats

Leudal - Neer

[Bekijk details](https://www.begraafplaatsinformatie.nl/neer/h-martinusbegraafplaats-in-neer)

##### H. Martinuskerkhof

Leudal - Neer

[Bekijk details](https://www.begraafplaatsinformatie.nl/neer/h-martinuskerkhof-in-neer)

##### H. Mathiasbegraafplaats

Venray - Castenray

[Bekijk details](https://www.begraafplaatsinformatie.nl/castenray/h-mathiasbegraafplaats-in-castenray)

##### H. Michaelkerkhof

Roermond - Herten

[Bekijk details](https://www.begraafplaatsinformatie.nl/herten/h-michaelkerkhof-in-herten)

##### H. Nicolaasbegraafplaats

Sittard-Geleen - Guttecoven

[Bekijk details](https://www.begraafplaatsinformatie.nl/guttecoven/h-nicolaasbegraafplaats-in-guttecoven)

##### H. Stephanuskerkhof

Maasgouw - Heel

[Bekijk details](https://www.begraafplaatsinformatie.nl/heel/h-stephanuskerkhof-in-heel)

##### Hervormde Begraafplaats

Vaals

[Bekijk details](https://www.begraafplaatsinformatie.nl/vaals/hervormde-begraafplaats-in-vaals)

##### HH. Lambertus en Genovevakerkhof

Vaals - Holset

[Bekijk details](https://www.begraafplaatsinformatie.nl/holset/hh-lambertus-en-genovevakerkhof-in-holset)

##### HH. Petrus en Hubertuskerkhof

Gulpen-Wittem - Gulpen

[Bekijk details](https://www.begraafplaatsinformatie.nl/gulpen/hh-petrus-en-hubertuskerkhof-in-gulpen)

##### Islamitische Begraafplaats Lindenheuvel

Sittard-Geleen - Geleen

[Bekijk details](https://www.begraafplaatsinformatie.nl/geleen/islamitische-begraafplaats-lindenheuvel-in-geleen)

##### Israëlitische Begraafplaats Rothem

Meerssen

[Bekijk details](https://www.begraafplaatsinformatie.nl/meerssen/isra-litische-begraafplaats-rothem-in-meerssen)

##### Joodse Begraafplaats

Vaals

[Bekijk details](https://www.begraafplaatsinformatie.nl/vaals/joodse-begraafplaats-in-vaals)

##### Joodse Begraafplaats

Gulpen-Wittem - Gulpen

[Bekijk details](https://www.begraafplaatsinformatie.nl/gulpen/joodse-begraafplaats-in-gulpen)

##### Joodse Begraafplaats

Stein - Urmond

[Bekijk details](https://www.begraafplaatsinformatie.nl/urmond/joodse-begraafplaats-in-urmond)

##### Joodse Begraafplaats

Gennep

[Bekijk details](https://www.begraafplaatsinformatie.nl/gennep/joodse-begraafplaats-in-gennep)

##### Joodse Begraafplaats

Beek

[Bekijk details](https://www.begraafplaatsinformatie.nl/beek/joodse-begraafplaats-in-beek)

##### Joodse Begraafplaats

Eijsden-Margraten - Eijsden

[Bekijk details](https://www.begraafplaatsinformatie.nl/eijsden/joodse-begraafplaats-in-eijsden)

##### Joodse Begraafplaats

Sittard-Geleen - Grevenbicht

[Bekijk details](https://www.begraafplaatsinformatie.nl/grevenbicht/joodse-begraafplaats-in-grevenbicht)

##### Joodse Begraafplaats op Algemene Begraafplaats

Valkenburg aan de Geul - Valkenburg

[Bekijk details](https://www.begraafplaatsinformatie.nl/valkenburg/joodse-begraafplaats-op-algemene-begraafplaats-in-valkenburg)

##### Joodse Begraafplaats op Algemene Begraafplaats Lahrhof

Sittard-Geleen - Sittard

[Bekijk details](https://www.begraafplaatsinformatie.nl/sittard/joodse-begraafplaats-op-algemene-begraafplaats-lahrhof-in-sittard)

##### Joodse Begraafplaats Schimmert

Beekdaelen - Schimmert

[Bekijk details](https://www.begraafplaatsinformatie.nl/schimmert/joodse-begraafplaats-schimmert-in-schimmert)

##### Kerkhof

Nederweert - Nederweert-Eind

[Bekijk details](https://www.begraafplaatsinformatie.nl/nederweert-eind/kerkhof-in-nederweert-eind)

##### Kerkhof

Gulpen-Wittem - Nijswiller

[Bekijk details](https://www.begraafplaatsinformatie.nl/nijswiller/kerkhof-in-nijswiller)

##### Kerkhof

Meerssen - Moorveld

[Bekijk details](https://www.begraafplaatsinformatie.nl/moorveld/kerkhof-in-moorveld)

##### Kerkhof

Valkenburg aan de Geul - Berg en Terblijt

[Bekijk details](https://www.begraafplaatsinformatie.nl/berg-en-terblijt/kerkhof-in-berg-en-terblijt)

##### Kerkhof

Eijsden-Margraten - Cadier en Keer

[Bekijk details](https://www.begraafplaatsinformatie.nl/cadier-en-keer/kerkhof-in-cadier-en-keer)

##### Kerkhof

Sittard-Geleen - Schipperskerk

[Bekijk details](https://www.begraafplaatsinformatie.nl/schipperskerk/kerkhof-in-schipperskerk)

##### Kerkhof

Sittard-Geleen - Holtum

[Bekijk details](https://www.begraafplaatsinformatie.nl/holtum/kerkhof-in-holtum)

##### Kerkhof America

Horst aan de Maas - America

[Bekijk details](https://www.begraafplaatsinformatie.nl/america/kerkhof-america-in-america)

##### Kerkhof Basiliek H. Wiro

Roerdalen - Sint Odiliënberg

[Bekijk details](https://www.begraafplaatsinformatie.nl/sint-odili-nberg/kerkhof-basiliek-h-wiro-in-sint-odili-nberg)

##### Kerkhof bij de grote St. Jan

Heerlen - Hoensbroek

[Bekijk details](https://www.begraafplaatsinformatie.nl/hoensbroek/kerkhof-bij-de-grote-st-jan-in-hoensbroek)

##### Kerkhof bij de nieuwe kerk

Weert - Swartbroek

[Bekijk details](https://www.begraafplaatsinformatie.nl/swartbroek/kerkhof-bij-de-nieuwe-kerk-in-swartbroek)

##### Kerkhof Birgittinessen

Weert

[Bekijk details](https://www.begraafplaatsinformatie.nl/weert/kerkhof-birgittinessen-in-weert)

##### Kerkhof Broekhuizen

Horst aan de Maas - Broekhuizen

[Bekijk details](https://www.begraafplaatsinformatie.nl/broekhuizen/kerkhof-broekhuizen-in-broekhuizen)

##### Kerkhof Broekhuizenvorst

Horst aan de Maas - Broekhuizenvorst

[Bekijk details](https://www.begraafplaatsinformatie.nl/broekhuizenvorst/kerkhof-broekhuizenvorst-in-broekhuizenvorst)

##### Kerkhof H Martinus

Beek

[Bekijk details](https://www.begraafplaatsinformatie.nl/beek/kerkhof-h-martinus-in-beek)

##### Kerkhof H. Barbara

Eijsden-Margraten - Scheulder

[Bekijk details](https://www.begraafplaatsinformatie.nl/scheulder/kerkhof-h-barbara-in-scheulder)

##### Kerkhof H. Bartholomeus

Eijsden-Margraten - Eckelrade

[Bekijk details](https://www.begraafplaatsinformatie.nl/eckelrade/kerkhof-h-bartholomeus-in-eckelrade)

##### Kerkhof H. Brigida

Eijsden-Margraten - Noorbeek

[Bekijk details](https://www.begraafplaatsinformatie.nl/noorbeek/kerkhof-h-brigida-in-noorbeek)

##### Kerkhof H. Cunibertus

Gulpen-Wittem - Wahlwiller

[Bekijk details](https://www.begraafplaatsinformatie.nl/wahlwiller/kerkhof-h-cunibertus-in-wahlwiller)

##### Kerkhof H. Gertrudis

Venray - Oirlo

[Bekijk details](https://www.begraafplaatsinformatie.nl/oirlo/kerkhof-h-gertrudis-in-oirlo)

##### Kerkhof H. Hart van Jezus Nieuwenhagerheide

Landgraaf

[Bekijk details](https://www.begraafplaatsinformatie.nl/landgraaf/kerkhof-h-hart-van-jezus-nieuwenhagerheide-in-landgraaf)

##### Kerkhof H. Lambertus

Beekdaelen - Oirsbeek

[Bekijk details](https://www.begraafplaatsinformatie.nl/oirsbeek/kerkhof-h-lambertus-in-oirsbeek)

##### Kerkhof H. Martinus

Meerssen - Geulle/Aan de Maas

[Bekijk details](https://www.begraafplaatsinformatie.nl/geulle-aan-de-maas/kerkhof-h-martinus-in-geulle-aan-de-maas)

##### Kerkhof H. Nicolaes

Peel en Maas - Meijel

[Bekijk details](https://www.begraafplaatsinformatie.nl/meijel/kerkhof-h-nicolaes-in-meijel)

##### Kerkhof Heilige Pancratius

Eijsden-Margraten - Mesch

[Bekijk details](https://www.begraafplaatsinformatie.nl/mesch/kerkhof-heilige-pancratius-in-mesch)

##### Kerkhof HH Lambertus en Brigida

Mook en Middelaar - Middelaar

[Bekijk details](https://www.begraafplaatsinformatie.nl/middelaar/kerkhof-hh-lambertus-en-brigida-in-middelaar)

##### Kerkhof Kronenberg

Horst aan de Maas - Kronenberg

[Bekijk details](https://www.begraafplaatsinformatie.nl/kronenberg/kerkhof-kronenberg-in-kronenberg)

##### Kerkhof Melick

Roerdalen - Melick

[Bekijk details](https://www.begraafplaatsinformatie.nl/melick/kerkhof-melick-in-melick)

##### Kerkhof Nieuwenhagen

Landgraaf

[Bekijk details](https://www.begraafplaatsinformatie.nl/landgraaf/kerkhof-nieuwenhagen-in-landgraaf)

##### Kerkhof O.L. Vrouwekapel

Leudal - Neer

[Bekijk details](https://www.begraafplaatsinformatie.nl/neer/kerkhof-o-l-vrouwekapel-in-neer)

##### Kerkhof OLV Vrouwe Onbevlekt Ontvangen

Eijsden-Margraten - Rijckholt

[Bekijk details](https://www.begraafplaatsinformatie.nl/rijckholt/kerkhof-olv-vrouwe-onbevlekt-ontvangen-in-rijckholt)

##### Kerkhof Onze Lieve Vrouwe geboorte

Venray - Blitterswijck

[Bekijk details](https://www.begraafplaatsinformatie.nl/blitterswijck/kerkhof-onze-lieve-vrouwe-geboorte-in-blitterswijck)

##### Kerkhof Onze Lieve Vrouwe geboorte

Peel en Maas - Kessel

[Bekijk details](https://www.begraafplaatsinformatie.nl/kessel/kerkhof-onze-lieve-vrouwe-geboorte-in-kessel)

##### Kerkhof Onze Lieve Vrouwe Onbevlekt Ontvangen

Nederweert - Ospel

[Bekijk details](https://www.begraafplaatsinformatie.nl/ospel/kerkhof-onze-lieve-vrouwe-onbevlekt-ontvangen-in-ospel)

##### Kerkhof Onze Lieve Vrouwe Onbevlekt Ontvangen

Echt-Susteren - Echt

[Bekijk details](https://www.begraafplaatsinformatie.nl/echt/kerkhof-onze-lieve-vrouwe-onbevlekt-ontvangen-in-echt)

##### Kerkhof Onze Lieve Vrouwe ter Hemelopneming

Sittard-Geleen - Einighausen

[Bekijk details](https://www.begraafplaatsinformatie.nl/einighausen/kerkhof-onze-lieve-vrouwe-ter-hemelopneming-in-einighausen)

##### Kerkhof Rumpen

Brunssum

[Bekijk details](https://www.begraafplaatsinformatie.nl/brunssum/kerkhof-rumpen-in-brunssum)

##### Kerkhof St Antonius Abt

Mook en Middelaar - Mook

[Bekijk details](https://www.begraafplaatsinformatie.nl/mook/kerkhof-st-antonius-abt-in-mook)

##### Kerkhof St. Amalberga

Echt-Susteren - Susteren

[Bekijk details](https://www.begraafplaatsinformatie.nl/susteren/kerkhof-st-amalberga-in-susteren)

##### Kerkhof St. Gertrudis

Gulpen-Wittem - Wijlre

[Bekijk details](https://www.begraafplaatsinformatie.nl/wijlre/kerkhof-st-gertrudis-in-wijlre)

##### Kerkhof st. Gertrudis

Horst aan de Maas - Lottum

[Bekijk details](https://www.begraafplaatsinformatie.nl/lottum/kerkhof-st-gertrudis-in-lottum)

##### Kerkhof St. Johannes de Doper

Gennep - Ottersum

[Bekijk details](https://www.begraafplaatsinformatie.nl/ottersum/kerkhof-st-johannes-de-doper-in-ottersum)

##### Kerkhof St. Joseph

Venlo - Hout-Blerick

[Bekijk details](https://www.begraafplaatsinformatie.nl/hout-blerick/kerkhof-st-joseph-in-hout-blerick)

##### Kerkhof St. Lambertus

Nederweert

[Bekijk details](https://www.begraafplaatsinformatie.nl/nederweert/kerkhof-st-lambertus-in-nederweert)

##### Kerkhof St. Laurentius

Voerendaal

[Bekijk details](https://www.begraafplaatsinformatie.nl/voerendaal/kerkhof-st-laurentius-in-voerendaal)

##### Kerkhof St. Martinus

Stein - Urmond

[Bekijk details](https://www.begraafplaatsinformatie.nl/urmond/kerkhof-st-martinus-in-urmond)

##### Kerkhof St. Martinus

Stein

[Bekijk details](https://www.begraafplaatsinformatie.nl/stein/kerkhof-st-martinus-in-stein)

##### Kerkhof St. Martinus

Roerdalen - Vlodrop

[Bekijk details](https://www.begraafplaatsinformatie.nl/vlodrop/kerkhof-st-martinus-in-vlodrop)

##### Kerkhof St. Medardus

Maasgouw - Wessem

[Bekijk details](https://www.begraafplaatsinformatie.nl/wessem/kerkhof-st-medardus-in-wessem)

##### Kerkhof St. Paulus bekering

Gulpen-Wittem - Epen

[Bekijk details](https://www.begraafplaatsinformatie.nl/epen/kerkhof-st-paulus-bekering-in-epen)

##### Kerkhof St. Petrus' Banden

Venray

[Bekijk details](https://www.begraafplaatsinformatie.nl/venray/kerkhof-st-petrus-banden-in-venray)

##### Kerkhof St. Remigius

Gulpen-Wittem - Slenaken

[Bekijk details](https://www.begraafplaatsinformatie.nl/slenaken/kerkhof-st-remigius-in-slenaken)

##### Kerkhof St. Stephanus

Maasgouw - Stevensweert

[Bekijk details](https://www.begraafplaatsinformatie.nl/stevensweert/kerkhof-st-stephanus-in-stevensweert)

##### Kerkhof St. Vitus

Bergen Li - Well

[Bekijk details](https://www.begraafplaatsinformatie.nl/well/kerkhof-st-vitus-in-well)

##### Kerkhof Ubach over Worms

Landgraaf

[Bekijk details](https://www.begraafplaatsinformatie.nl/landgraaf/kerkhof-ubach-over-worms-in-landgraaf)

##### Kloosterbegraafplaats Agnetenberg

Sittard-Geleen - Sittard

[Bekijk details](https://www.begraafplaatsinformatie.nl/sittard/kloosterbegraafplaats-agnetenberg-in-sittard)

##### Kloosterbegraafplaats bij Huize St. Joseph Berg

Eijsden-Margraten - Cadier en Keer

[Bekijk details](https://www.begraafplaatsinformatie.nl/cadier-en-keer/kloosterbegraafplaats-bij-huize-st-joseph-berg-in-cadier-en-keer)

##### Kloosterbegraafplaats bij Missiehuis Berg

Eijsden-Margraten - Cadier en Keer

[Bekijk details](https://www.begraafplaatsinformatie.nl/cadier-en-keer/kloosterbegraafplaats-bij-missiehuis-berg-in-cadier-en-keer)

##### Kloosterbegraafplaats Damianeum

Simpelveld

[Bekijk details](https://www.begraafplaatsinformatie.nl/simpelveld/kloosterbegraafplaats-damianeum-in-simpelveld)

##### Kloosterbegraafplaats de Raay

Peel en Maas - Baarlo

[Bekijk details](https://www.begraafplaatsinformatie.nl/baarlo/kloosterbegraafplaats-de-raay-in-baarlo)

##### Kloosterbegraafplaats Dochters der Wijsheid Montfortanen

Beekdaelen - Schimmert

[Bekijk details](https://www.begraafplaatsinformatie.nl/schimmert/kloosterbegraafplaats-dochters-der-wijsheid-montfortanen-in-schimmert)

##### Kloosterbegraafplaats Franciscanessen van St. Jozef

Valkenburg aan de Geul - Valkenburg

[Bekijk details](https://www.begraafplaatsinformatie.nl/valkenburg/kloosterbegraafplaats-franciscanessen-van-st-jozef-in-valkenburg)

##### Kloosterbegraafplaats Fransiscanessen St. Elisabeth

Leudal - Heythuysen

[Bekijk details](https://www.begraafplaatsinformatie.nl/heythuysen/kloosterbegraafplaats-fransiscanessen-st-elisabeth-in-heythuysen)

##### Kloosterbegraafplaats Heilig Hart

Beesel - Reuver

[Bekijk details](https://www.begraafplaatsinformatie.nl/reuver/kloosterbegraafplaats-heilig-hart-in-reuver)

##### Kloosterbegraafplaats Huize St. Elisabeth

Leudal - Haelen

[Bekijk details](https://www.begraafplaatsinformatie.nl/haelen/kloosterbegraafplaats-huize-st-elisabeth-in-haelen)

##### Kloosterbegraafplaats in Ursulinenpark

Eijsden-Margraten - Eijsden

[Bekijk details](https://www.begraafplaatsinformatie.nl/eijsden/kloosterbegraafplaats-in-ursulinenpark-in-eijsden)

##### Kloosterbegraafplaats Jongenspensionaat 'St. Maria Ter Engelen' Bleijerheide

Kerkrade

[Bekijk details](https://www.begraafplaatsinformatie.nl/kerkrade/kloosterbegraafplaats-jongenspensionaat-st-maria-ter-engelen-bleijerheide-in-kerkrade)

##### Kloosterbegraafplaats Karmel

Beekdaelen - Merkelbeek

[Bekijk details](https://www.begraafplaatsinformatie.nl/merkelbeek/kloosterbegraafplaats-karmel-in-merkelbeek)

##### Kloosterbegraafplaats Karmelitessen

Echt-Susteren - Echt

[Bekijk details](https://www.begraafplaatsinformatie.nl/echt/kloosterbegraafplaats-karmelitessen-in-echt)

##### Kloosterbegraafplaats Kleine Zusters v/d H. Josef

Heerlen

[Bekijk details](https://www.begraafplaatsinformatie.nl/heerlen/kloosterbegraafplaats-kleine-zusters-v-d-h-josef-in-heerlen)

##### Kloosterbegraafplaats Liefdezusters van het Kostbaar Bloed

Echt-Susteren - Koningsbosch

[Bekijk details](https://www.begraafplaatsinformatie.nl/koningsbosch/kloosterbegraafplaats-liefdezusters-van-het-kostbaar-bloed-in-koningsbosch)

##### Kloosterbegraafplaats Loreto

Simpelveld

[Bekijk details](https://www.begraafplaatsinformatie.nl/simpelveld/kloosterbegraafplaats-loreto-in-simpelveld)

##### Kloosterbegraafplaats Mariëndaal Redemptoristen

Gulpen-Wittem - Wittem

[Bekijk details](https://www.begraafplaatsinformatie.nl/wittem/kloosterbegraafplaats-mari-ndaal-redemptoristen-in-wittem)

##### Kloosterbegraafplaats Missionarissen van het H. Hart

Stein

[Bekijk details](https://www.begraafplaatsinformatie.nl/stein/kloosterbegraafplaats-missionarissen-van-het-h-hart-in-stein)

##### Kloosterbegraafplaats Priorij Regina Pacis

Valkenburg aan de Geul - Valkenburg

[Bekijk details](https://www.begraafplaatsinformatie.nl/valkenburg/kloosterbegraafplaats-priorij-regina-pacis-in-valkenburg)

##### Kloosterbegraafplaats Roepaan

Gennep - Ottersum

[Bekijk details](https://www.begraafplaatsinformatie.nl/ottersum/kloosterbegraafplaats-roepaan-in-ottersum)

##### Kloosterbegraafplaats St. Paul

Venlo - Arcen

[Bekijk details](https://www.begraafplaatsinformatie.nl/arcen/kloosterbegraafplaats-st-paul-in-arcen)

##### Kloosterbegraafplaats Ursulinen

Horst aan de Maas - Grubbenvorst

[Bekijk details](https://www.begraafplaatsinformatie.nl/grubbenvorst/kloosterbegraafplaats-ursulinen-in-grubbenvorst)

##### Kloosterbegraafplaats Ursulinen

Echt-Susteren - Echt

[Bekijk details](https://www.begraafplaatsinformatie.nl/echt/kloosterbegraafplaats-ursulinen-in-echt)

##### Kloosterbegraafplaats van de Broeders van Maastricht

Maastricht

[Bekijk details](https://www.begraafplaatsinformatie.nl/maastricht/kloosterbegraafplaats-van-de-broeders-van-maastricht-in-maastricht)

##### kloosterbegraafplaats Witte Paters van Sint Charles

Leudal - Heythuysen

[Bekijk details](https://www.begraafplaatsinformatie.nl/heythuysen/kloosterbegraafplaats-witte-paters-van-sint-charles-in-heythuysen)

##### Kloosterbegraafplaats zusters Karmelitessen

Sittard-Geleen - Sittard

[Bekijk details](https://www.begraafplaatsinformatie.nl/sittard/kloosterbegraafplaats-zusters-karmelitessen-in-sittard)

##### Kloosterbegraafplaats zusters Sacré Coeur, Bloemendal

Vaals

[Bekijk details](https://www.begraafplaatsinformatie.nl/vaals/kloosterbegraafplaats-zusters-sacr-coeur-bloemendal-in-vaals)

##### Kloosterbegraafplaats zusters Ursulinen

Kerkrade

[Bekijk details](https://www.begraafplaatsinformatie.nl/kerkrade/kloosterbegraafplaats-zusters-ursulinen-in-kerkrade)

##### Kloosterbegraafplaats Zusters Ursulinen

Sittard-Geleen - Sittard

[Bekijk details](https://www.begraafplaatsinformatie.nl/sittard/kloosterbegraafplaats-zusters-ursulinen-in-sittard)

##### Kloosterbegraafplaats Zusters van Barmhartigheid, Amby

Maastricht - Amby

[Bekijk details](https://www.begraafplaatsinformatie.nl/amby/kloosterbegraafplaats-zusters-van-barmhartigheid-amby-in-amby)

##### Kloosterkerkhof Redemptoristen

Roermond

[Bekijk details](https://www.begraafplaatsinformatie.nl/roermond/kloosterkerkhof-redemptoristen-in-roermond)

##### Kloosterkerkhof Rolduc

Kerkrade

[Bekijk details](https://www.begraafplaatsinformatie.nl/kerkrade/kloosterkerkhof-rolduc-in-kerkrade)

##### Kloosterkerkhof Zusters onder de Bogen

Eijsden-Margraten - Rijckholt

[Bekijk details](https://www.begraafplaatsinformatie.nl/rijckholt/kloosterkerkhof-zusters-onder-de-bogen-in-rijckholt)

##### Kloosterkerkhof zusters Ursulinnen

Venray

[Bekijk details](https://www.begraafplaatsinformatie.nl/venray/kloosterkerkhof-zusters-ursulinnen-in-venray)

##### Lambertusbegraafplaats

Venlo - Blerick

[Bekijk details](https://www.begraafplaatsinformatie.nl/blerick/lambertusbegraafplaats-in-blerick)

##### Mariarade

Heerlen - Hoensbroek

[Bekijk details](https://www.begraafplaatsinformatie.nl/hoensbroek/mariarade-in-hoensbroek)

##### Mausoleum familie Von Clermont Huis Vaalsbroek

Vaals

[Bekijk details](https://www.begraafplaatsinformatie.nl/vaals/mausoleum-familie-von-clermont-huis-vaalsbroek-in-vaals)

##### Missiebegraafplaats St. Michaël

Venlo - Steijl

[Bekijk details](https://www.begraafplaatsinformatie.nl/steijl/missiebegraafplaats-st-micha-l-in-steijl)

##### Natuurbegraafplaats Bergerbos

Roerdalen - Sint Odiliënberg

[Bekijk details](https://www.begraafplaatsinformatie.nl/sint-odili-nberg/natuurbegraafplaats-bergerbos-in-sint-odili-nberg)

##### Natuurbegraafplaats Eygelshof

Kerkrade - Eygelshoven

[Bekijk details](https://www.begraafplaatsinformatie.nl/eygelshoven/natuurbegraafplaats-eygelshof-in-eygelshoven)

##### Natuurbegraafplaats Landgoed Mookerheide

Mook en Middelaar - Molenhoek

[Bekijk details](https://www.begraafplaatsinformatie.nl/molenhoek/natuurbegraafplaats-landgoed-mookerheide-in-molenhoek)

##### Natuurbegraafplaats Venlo-Maasbree

Venlo

[Bekijk details](https://www.begraafplaatsinformatie.nl/venlo/natuurbegraafplaats-venlo-maasbree-in-venlo)

##### Natuurbegraafplaats Weverslo

Venray - Heide

[Bekijk details](https://www.begraafplaatsinformatie.nl/heide/natuurbegraafplaats-weverslo-in-heide)

##### NH Begraafplaats

Sittard-Geleen - Sittard

[Bekijk details](https://www.begraafplaatsinformatie.nl/sittard/nh-begraafplaats-in-sittard)

##### NH Begraafplaats Eijsden

Eijsden-Margraten - Eijsden

[Bekijk details](https://www.begraafplaatsinformatie.nl/eijsden/nh-begraafplaats-eijsden-in-eijsden)

##### NH Begraafplaats Gennep

Gennep

[Bekijk details](https://www.begraafplaatsinformatie.nl/gennep/nh-begraafplaats-gennep-in-gennep)

##### NH Kerkhof

Venray - Blitterswijck

[Bekijk details](https://www.begraafplaatsinformatie.nl/blitterswijck/nh-kerkhof-in-blitterswijck)

##### NH Kerkhof

Beek

[Bekijk details](https://www.begraafplaatsinformatie.nl/beek/nh-kerkhof-in-beek)

##### NH Kerkhof

Sittard-Geleen - Grevenbicht

[Bekijk details](https://www.begraafplaatsinformatie.nl/grevenbicht/nh-kerkhof-in-grevenbicht)

##### Nieuw Lotbroek

Heerlen - Hoensbroek

[Bekijk details](https://www.begraafplaatsinformatie.nl/hoensbroek/nieuw-lotbroek-in-hoensbroek)

##### Nieuwe Begraafplaats

Venlo

[Bekijk details](https://www.begraafplaatsinformatie.nl/venlo/nieuwe-begraafplaats-in-venlo)

##### Nieuwe Begraafplaats op de Algemene begraafplaats

Heerlen

[Bekijk details](https://www.begraafplaatsinformatie.nl/heerlen/nieuwe-begraafplaats-op-de-algemene-begraafplaats-in-heerlen)

##### Nieuwe hervormde Begraafplaats

Meerssen

[Bekijk details](https://www.begraafplaatsinformatie.nl/meerssen/nieuwe-hervormde-begraafplaats-in-meerssen)

##### Nieuwe joodse begraafplaats op Gemeentelijke begraafplaats

Roermond

[Bekijk details](https://www.begraafplaatsinformatie.nl/roermond/nieuwe-joodse-begraafplaats-op-gemeentelijke-begraafplaats-in-roermond)

##### Nieuwe St. Vitus Begraafplaats

Bergen Li - Well

[Bekijk details](https://www.begraafplaatsinformatie.nl/well/nieuwe-st-vitus-begraafplaats-in-well)

##### Onze Lieve Vrouwe Geboortekerkhof

Maasgouw - Ohé

[Bekijk details](https://www.begraafplaatsinformatie.nl/oh/onze-lieve-vrouwe-geboortekerkhof-in-oh)

##### Onze Lieve Vrouwe Onbevlekt ontvangen

Beekdaelen - Amstenrade

[Bekijk details](https://www.begraafplaatsinformatie.nl/amstenrade/onze-lieve-vrouwe-onbevlekt-ontvangen-in-amstenrade)

##### Openbare Begraafplaats

Beekdaelen - Schimmert

[Bekijk details](https://www.begraafplaatsinformatie.nl/schimmert/openbare-begraafplaats-in-schimmert)

##### Oud Hervormd Kerkhof

Meerssen

[Bekijk details](https://www.begraafplaatsinformatie.nl/meerssen/oud-hervormd-kerkhof-in-meerssen)

##### Oud RK Kerkhof

Venlo - Tegelen

[Bekijk details](https://www.begraafplaatsinformatie.nl/tegelen/oud-rk-kerkhof-in-tegelen)

##### Oud Vroenhoven

Maastricht

[Bekijk details](https://www.begraafplaatsinformatie.nl/maastricht/oud-vroenhoven-in-maastricht)

##### Oude algemene Begraafplaats St. Martinus

Beek

[Bekijk details](https://www.begraafplaatsinformatie.nl/beek/oude-algemene-begraafplaats-st-martinus-in-beek)

##### Oude Begraafplaats

Venlo

[Bekijk details](https://www.begraafplaatsinformatie.nl/venlo/oude-begraafplaats-in-venlo)

##### Oude Begraafplaats aan De Dwingel

Valkenburg aan de Geul - Valkenburg

[Bekijk details](https://www.begraafplaatsinformatie.nl/valkenburg/oude-begraafplaats-aan-de-dwingel-in-valkenburg)

##### Oude Begraafplaats Klooster St. Benedictusabdij

Vaals - Lemiers

[Bekijk details](https://www.begraafplaatsinformatie.nl/lemiers/oude-begraafplaats-klooster-st-benedictusabdij-in-lemiers)

##### Oude joodse begraafplaats op Gemeentelijke begraafplaats

Roermond

[Bekijk details](https://www.begraafplaatsinformatie.nl/roermond/oude-joodse-begraafplaats-op-gemeentelijke-begraafplaats-in-roermond)

##### Oude Kerkhof

Beekdaelen - Bingelrade

[Bekijk details](https://www.begraafplaatsinformatie.nl/bingelrade/oude-kerkhof-in-bingelrade)

##### Oude kerkhof

Kerkrade - Eygelshoven

[Bekijk details](https://www.begraafplaatsinformatie.nl/eygelshoven/oude-kerkhof-in-eygelshoven)

##### Oude kerkhof

Echt-Susteren - Dieteren

[Bekijk details](https://www.begraafplaatsinformatie.nl/dieteren/oude-kerkhof-in-dieteren)

##### Oude Kerkhof St. Clemens

Brunssum

[Bekijk details](https://www.begraafplaatsinformatie.nl/brunssum/oude-kerkhof-st-clemens-in-brunssum)

##### Oude kloosterkerkhof Fransiscanessen

Leudal - Heythuysen

[Bekijk details](https://www.begraafplaatsinformatie.nl/heythuysen/oude-kloosterkerkhof-fransiscanessen-in-heythuysen)

##### Oude kloosterkerkhof Savelberg

Peel en Maas - Koningslust

[Bekijk details](https://www.begraafplaatsinformatie.nl/koningslust/oude-kloosterkerkhof-savelberg-in-koningslust)

##### Oude Petrus en Pauluskerkhof

Landgraaf

[Bekijk details](https://www.begraafplaatsinformatie.nl/landgraaf/oude-petrus-en-pauluskerkhof-in-landgraaf)

##### Oude RK Begraafplaats

Echt-Susteren - Roosteren

[Bekijk details](https://www.begraafplaatsinformatie.nl/roosteren/oude-rk-begraafplaats-in-roosteren)

##### Oude St. Agneskerkhof

Meerssen - Bunde

[Bekijk details](https://www.begraafplaatsinformatie.nl/bunde/oude-st-agneskerkhof-in-bunde)

##### Particuliere Begraafplaats fam. Stiemens

Gennep

[Bekijk details](https://www.begraafplaatsinformatie.nl/gennep/particuliere-begraafplaats-fam-stiemens-in-gennep)

##### Petrus en Paulusbegraafplaats

Landgraaf

[Bekijk details](https://www.begraafplaatsinformatie.nl/landgraaf/petrus-en-paulusbegraafplaats-in-landgraaf)

##### Protestants kerkhof

Valkenburg aan de Geul - Houthem

[Bekijk details](https://www.begraafplaatsinformatie.nl/houthem/protestants-kerkhof-in-houthem)

##### Protestants kerkhof

Maasgouw - Stevensweert

[Bekijk details](https://www.begraafplaatsinformatie.nl/stevensweert/protestants-kerkhof-in-stevensweert)

##### Protestantse Begraafplaats

Gulpen-Wittem - Gulpen

[Bekijk details](https://www.begraafplaatsinformatie.nl/gulpen/protestantse-begraafplaats-in-gulpen)

##### Protestantse Begraafplaats

Stein - Urmond

[Bekijk details](https://www.begraafplaatsinformatie.nl/urmond/protestantse-begraafplaats-in-urmond)

##### Restant kerkhof H. Bartolomeus

Meerssen

[Bekijk details](https://www.begraafplaatsinformatie.nl/meerssen/restant-kerkhof-h-bartolomeus-in-meerssen)

##### RK Begraafplaats

Gulpen-Wittem - Mechelen

[Bekijk details](https://www.begraafplaatsinformatie.nl/mechelen/rk-begraafplaats-in-mechelen)

##### RK Begraafplaats

Roermond - Asselt

[Bekijk details](https://www.begraafplaatsinformatie.nl/asselt/rk-begraafplaats-in-asselt)

##### RK Begraafplaats

Maasgouw - Heel

[Bekijk details](https://www.begraafplaatsinformatie.nl/heel/rk-begraafplaats-in-heel)

##### RK Begraafplaats

Venray - Geijsteren

[Bekijk details](https://www.begraafplaatsinformatie.nl/geijsteren/rk-begraafplaats-in-geijsteren)

##### RK Begraafplaats

Venray - Ysselsteyn

[Bekijk details](https://www.begraafplaatsinformatie.nl/ysselsteyn/rk-begraafplaats-in-ysselsteyn)

##### RK Begraafplaats

Simpelveld - Bocholtz

[Bekijk details](https://www.begraafplaatsinformatie.nl/bocholtz/rk-begraafplaats-in-bocholtz)

##### RK Begraafplaats

Horst aan de Maas - Tienray

[Bekijk details](https://www.begraafplaatsinformatie.nl/tienray/rk-begraafplaats-in-tienray)

##### RK Begraafplaats

Venray - Heide

[Bekijk details](https://www.begraafplaatsinformatie.nl/heide/rk-begraafplaats-in-heide)

##### RK Begraafplaats

Maasgouw - Maasbracht

[Bekijk details](https://www.begraafplaatsinformatie.nl/maasbracht/rk-begraafplaats-in-maasbracht)

##### RK Begraafplaats

Leudal - Heibloem

[Bekijk details](https://www.begraafplaatsinformatie.nl/heibloem/rk-begraafplaats-in-heibloem)

##### RK Begraafplaats

Beesel - Reuver

[Bekijk details](https://www.begraafplaatsinformatie.nl/reuver/rk-begraafplaats-in-reuver)

##### RK Begraafplaats

Gulpen-Wittem - Eys

[Bekijk details](https://www.begraafplaatsinformatie.nl/eys/rk-begraafplaats-in-eys)

##### RK Begraafplaats

Peel en Maas - Baarlo

[Bekijk details](https://www.begraafplaatsinformatie.nl/baarlo/rk-begraafplaats-in-baarlo)

##### RK Begraafplaats

Venlo - Boekend Blerick

[Bekijk details](https://www.begraafplaatsinformatie.nl/boekend-blerick/rk-begraafplaats-in-boekend-blerick)

##### RK Begraafplaats

Venlo - Belfeld

[Bekijk details](https://www.begraafplaatsinformatie.nl/belfeld/rk-begraafplaats-in-belfeld)

##### RK Begraafplaats

Venlo - Lomm

[Bekijk details](https://www.begraafplaatsinformatie.nl/lomm/rk-begraafplaats-in-lomm)

##### RK Begraafplaats

Venlo - Velden

[Bekijk details](https://www.begraafplaatsinformatie.nl/velden/rk-begraafplaats-in-velden)

##### RK Begraafplaats

Beek - Spaubeek

[Bekijk details](https://www.begraafplaatsinformatie.nl/spaubeek/rk-begraafplaats-in-spaubeek)

##### RK Begraafplaats

Venray - Vredepeel

[Bekijk details](https://www.begraafplaatsinformatie.nl/vredepeel/rk-begraafplaats-in-vredepeel)

##### RK Begraafplaats

Mook en Middelaar - Mook

[Bekijk details](https://www.begraafplaatsinformatie.nl/mook/rk-begraafplaats-in-mook)

##### RK Begraafplaats

Gennep - Heijen

[Bekijk details](https://www.begraafplaatsinformatie.nl/heijen/rk-begraafplaats-in-heijen)

##### RK Begraafplaats

Bergen Li - Siebengewald

[Bekijk details](https://www.begraafplaatsinformatie.nl/siebengewald/rk-begraafplaats-in-siebengewald)

##### RK Begraafplaats

Roermond - Swalmen

[Bekijk details](https://www.begraafplaatsinformatie.nl/swalmen/rk-begraafplaats-in-swalmen)

##### RK Begraafplaats

Roermond - Boukoul

[Bekijk details](https://www.begraafplaatsinformatie.nl/boukoul/rk-begraafplaats-in-boukoul)

##### RK Begraafplaats

Leudal - Ell

[Bekijk details](https://www.begraafplaatsinformatie.nl/ell/rk-begraafplaats-in-ell)

##### RK Begraafplaats

Sittard-Geleen - Born

[Bekijk details](https://www.begraafplaatsinformatie.nl/born/rk-begraafplaats-in-born)

##### RK Begraafplaats

Weert - Stramproy

[Bekijk details](https://www.begraafplaatsinformatie.nl/stramproy/rk-begraafplaats-in-stramproy)

##### RK Begraafplaats Berghof Eygelshoven met algemeen gedeelte

Kerkrade - Eygelshoven

[Bekijk details](https://www.begraafplaatsinformatie.nl/eygelshoven/rk-begraafplaats-berghof-eygelshoven-met-algemeen-gedeelte-in-eygelshoven)

##### RK Begraafplaats Gods Akker

Stein - Meers

[Bekijk details](https://www.begraafplaatsinformatie.nl/meers/rk-begraafplaats-gods-akker-in-meers)

##### RK Begraafplaats H. Aldegundis

Peel en Maas - Maasbree

[Bekijk details](https://www.begraafplaatsinformatie.nl/maasbree/rk-begraafplaats-h-aldegundis-in-maasbree)

##### RK Begraafplaats H. Bartholomeus

Eijsden-Margraten - Eckelrade

[Bekijk details](https://www.begraafplaatsinformatie.nl/eckelrade/rk-begraafplaats-h-bartholomeus-in-eckelrade)

##### RK Begraafplaats H. Catharina

Meerssen - Ulestraten

[Bekijk details](https://www.begraafplaatsinformatie.nl/ulestraten/rk-begraafplaats-h-catharina-in-ulestraten)

##### RK Begraafplaats H. Catharina

Sittard-Geleen - Papenhoven

[Bekijk details](https://www.begraafplaatsinformatie.nl/papenhoven/rk-begraafplaats-h-catharina-in-papenhoven)

##### RK Begraafplaats H. Gerlachus

Eijsden-Margraten - Banholt

[Bekijk details](https://www.begraafplaatsinformatie.nl/banholt/rk-begraafplaats-h-gerlachus-in-banholt)

##### RK Begraafplaats H. Hart van Jezus

Peel en Maas - Grashoek

[Bekijk details](https://www.begraafplaatsinformatie.nl/grashoek/rk-begraafplaats-h-hart-van-jezus-in-grashoek)

##### RK Begraafplaats H. Jodocus

Echt-Susteren - Sint Joost

[Bekijk details](https://www.begraafplaatsinformatie.nl/sint-joost/rk-begraafplaats-h-jodocus-in-sint-joost)

##### RK Begraafplaats H. Johannes De Doper

Leudal - Baexem

[Bekijk details](https://www.begraafplaatsinformatie.nl/baexem/rk-begraafplaats-h-johannes-de-doper-in-baexem)

##### RK Begraafplaats H. Jozef

Venray - Smakt

[Bekijk details](https://www.begraafplaatsinformatie.nl/smakt/rk-begraafplaats-h-jozef-in-smakt)

##### RK Begraafplaats H. Jozef

Peel en Maas - Beringe

[Bekijk details](https://www.begraafplaatsinformatie.nl/beringe/rk-begraafplaats-h-jozef-in-beringe)

##### RK Begraafplaats H. Margarita

Leudal - Ittervoort

[Bekijk details](https://www.begraafplaatsinformatie.nl/ittervoort/rk-begraafplaats-h-margarita-in-ittervoort)

##### RK Begraafplaats H. Michael

Venray - Wanssum

[Bekijk details](https://www.begraafplaatsinformatie.nl/wanssum/rk-begraafplaats-h-michael-in-wanssum)

##### RK Begraafplaats H. Nicolaas

Leudal - Heythuysen

[Bekijk details](https://www.begraafplaatsinformatie.nl/heythuysen/rk-begraafplaats-h-nicolaas-in-heythuysen)

##### RK Begraafplaats H. Paulus en H. Jozef

Vaals

[Bekijk details](https://www.begraafplaatsinformatie.nl/vaals/rk-begraafplaats-h-paulus-en-h-jozef-in-vaals)

##### RK Begraafplaats Hegelsom

Horst aan de Maas - Hegelsom

[Bekijk details](https://www.begraafplaatsinformatie.nl/hegelsom/rk-begraafplaats-hegelsom-in-hegelsom)

##### RK Begraafplaats Heilige Hoop

Echt-Susteren - Mariahoop

[Bekijk details](https://www.begraafplaatsinformatie.nl/mariahoop/rk-begraafplaats-heilige-hoop-in-mariahoop)

##### RK Begraafplaats HH. Cosmas en Damianus

Bergen Li - Afferden

[Bekijk details](https://www.begraafplaatsinformatie.nl/afferden/rk-begraafplaats-hh-cosmas-en-damianus-in-afferden)

##### RK Begraafplaats HH. Hieronymus en Antonius

Weert - Laar

[Bekijk details](https://www.begraafplaatsinformatie.nl/laar/rk-begraafplaats-hh-hieronymus-en-antonius-in-laar)

##### RK Begraafplaats HH. Petrus en Paulus

Venlo - Arcen

[Bekijk details](https://www.begraafplaatsinformatie.nl/arcen/rk-begraafplaats-hh-petrus-en-paulus-in-arcen)

##### RK Begraafplaats Kunrade

Voerendaal

[Bekijk details](https://www.begraafplaatsinformatie.nl/voerendaal/rk-begraafplaats-kunrade-in-voerendaal)

##### RK Begraafplaats Leuken

Weert

[Bekijk details](https://www.begraafplaatsinformatie.nl/weert/rk-begraafplaats-leuken-in-weert)

##### RK Begraafplaats Melderslo

Horst aan de Maas - Melderslo

[Bekijk details](https://www.begraafplaatsinformatie.nl/melderslo/rk-begraafplaats-melderslo-in-melderslo)

##### RK Begraafplaats Nieuwdorp

Stein

[Bekijk details](https://www.begraafplaatsinformatie.nl/stein/rk-begraafplaats-nieuwdorp-in-stein)

##### RK Begraafplaats Obbicht

Sittard-Geleen - Obbicht

[Bekijk details](https://www.begraafplaatsinformatie.nl/obbicht/rk-begraafplaats-obbicht-in-obbicht)

##### RK Begraafplaats Onze Lieve Vrouw Onbevlekt Ontvangen

Echt-Susteren - Koningsbosch

[Bekijk details](https://www.begraafplaatsinformatie.nl/koningsbosch/rk-begraafplaats-onze-lieve-vrouw-onbevlekt-ontvangen-in-koningsbosch)

##### RK Begraafplaats Onze Lieve Vrouw Tenhemelopneming

Venray - Leunen

[Bekijk details](https://www.begraafplaatsinformatie.nl/leunen/rk-begraafplaats-onze-lieve-vrouw-tenhemelopneming-in-leunen)

##### RK Begraafplaats Oostermaas

Maastricht

[Bekijk details](https://www.begraafplaatsinformatie.nl/maastricht/rk-begraafplaats-oostermaas-in-maastricht)

##### RK Begraafplaats Oud-Caberg

Maastricht

[Bekijk details](https://www.begraafplaatsinformatie.nl/maastricht/rk-begraafplaats-oud-caberg-in-maastricht)

##### RK Begraafplaats St Barbara

Brunssum

[Bekijk details](https://www.begraafplaatsinformatie.nl/brunssum/rk-begraafplaats-st-barbara-in-brunssum)

##### RK Begraafplaats St Lambertus

Horst aan de Maas - Horst

[Bekijk details](https://www.begraafplaatsinformatie.nl/horst/rk-begraafplaats-st-lambertus-in-horst)

##### RK Begraafplaats St. Jozeph Keent

Weert

[Bekijk details](https://www.begraafplaatsinformatie.nl/weert/rk-begraafplaats-st-jozeph-keent-in-weert)

##### RK Begraafplaats Trans Cedron

Venray - Oostrum

[Bekijk details](https://www.begraafplaatsinformatie.nl/oostrum/rk-begraafplaats-trans-cedron-in-oostrum)

##### RK Kerkhof

Meerssen - Ulestraten

[Bekijk details](https://www.begraafplaatsinformatie.nl/ulestraten/rk-kerkhof-in-ulestraten)

##### RK kerkhof

Gennep - Milsbeek

[Bekijk details](https://www.begraafplaatsinformatie.nl/milsbeek/rk-kerkhof-in-milsbeek)

##### RK Kerkhof

Peel en Maas - Koningslust

[Bekijk details](https://www.begraafplaatsinformatie.nl/koningslust/rk-kerkhof-in-koningslust)

##### RK Kerkhof

Peel en Maas - Egchel

[Bekijk details](https://www.begraafplaatsinformatie.nl/egchel/rk-kerkhof-in-egchel)

##### RK Kerkhof

Voerendaal - Ubachsberg

[Bekijk details](https://www.begraafplaatsinformatie.nl/ubachsberg/rk-kerkhof-in-ubachsberg)

##### RK Kerkhof

Stein - Berg aan de Maas

[Bekijk details](https://www.begraafplaatsinformatie.nl/berg-aan-de-maas/rk-kerkhof-in-berg-aan-de-maas)

##### RK Kerkhof

Maastricht - Itteren

[Bekijk details](https://www.begraafplaatsinformatie.nl/itteren/rk-kerkhof-in-itteren)

##### RK Kerkhof

Valkenburg aan de Geul - Houthem

[Bekijk details](https://www.begraafplaatsinformatie.nl/houthem/rk-kerkhof-in-houthem)

##### RK Kerkhof

Eijsden-Margraten - Gronsveld

[Bekijk details](https://www.begraafplaatsinformatie.nl/gronsveld/rk-kerkhof-in-gronsveld)

##### RK Kerkhof

Maastricht - Amby

[Bekijk details](https://www.begraafplaatsinformatie.nl/amby/rk-kerkhof-in-amby)

##### RK Kerkhof

Roermond - Asenray

[Bekijk details](https://www.begraafplaatsinformatie.nl/asenray/rk-kerkhof-in-asenray)

##### RK Kerkhof

Nederweert - Leveroy

[Bekijk details](https://www.begraafplaatsinformatie.nl/leveroy/rk-kerkhof-in-leveroy)

##### RK Kerkhof H. Agatha

Gulpen-Wittem - Eys

[Bekijk details](https://www.begraafplaatsinformatie.nl/eys/rk-kerkhof-h-agatha-in-eys)

##### RK Kerkhof H. Antonius Abt

Gennep - Ven-Zelderheide

[Bekijk details](https://www.begraafplaatsinformatie.nl/ven-zelderheide/rk-kerkhof-h-antonius-abt-in-ven-zelderheide)

##### RK kerkhof H. Antonius van Padua

Venray - Veulen

[Bekijk details](https://www.begraafplaatsinformatie.nl/veulen/rk-kerkhof-h-antonius-van-padua-in-veulen)

##### RK Kerkhof H. Catharina

Bergen Li - Wellerlooi

[Bekijk details](https://www.begraafplaatsinformatie.nl/wellerlooi/rk-kerkhof-h-catharina-in-wellerlooi)

##### RK Kerkhof H. Clemens

Beekdaelen - Hulsberg

[Bekijk details](https://www.begraafplaatsinformatie.nl/hulsberg/rk-kerkhof-h-clemens-in-hulsberg)

##### RK Kerkhof H. Dionysius Rozenkerkje

Roermond - Asselt

[Bekijk details](https://www.begraafplaatsinformatie.nl/asselt/rk-kerkhof-h-dionysius-rozenkerkje-in-asselt)

##### RK Kerkhof H. Drievuldigheid

Landgraaf - Rimburg

[Bekijk details](https://www.begraafplaatsinformatie.nl/rimburg/rk-kerkhof-h-drievuldigheid-in-rimburg)

##### RK Kerkhof H. Gertrudis

Beekdaelen - Jabeek

[Bekijk details](https://www.begraafplaatsinformatie.nl/jabeek/rk-kerkhof-h-gertrudis-in-jabeek)

##### RK Kerkhof H. Gertrudis

Eijsden-Margraten - Sint Geertruid

[Bekijk details](https://www.begraafplaatsinformatie.nl/sint-geertruid/rk-kerkhof-h-gertrudis-in-sint-geertruid)

##### RK Kerkhof H. Hart van Jezus

Weert - Altweerterheide

[Bekijk details](https://www.begraafplaatsinformatie.nl/altweerterheide/rk-kerkhof-h-hart-van-jezus-in-altweerterheide)

##### RK Kerkhof H. Johannes De Doper

Horst aan de Maas - Meerlo

[Bekijk details](https://www.begraafplaatsinformatie.nl/meerlo/rk-kerkhof-h-johannes-de-doper-in-meerlo)

##### RK Kerkhof H. Jozef

Beekdaelen - Doenrade

[Bekijk details](https://www.begraafplaatsinformatie.nl/doenrade/rk-kerkhof-h-jozef-in-doenrade)

##### RK Kerkhof H. Jozef

Eijsden-Margraten - Oost-Maarland

[Bekijk details](https://www.begraafplaatsinformatie.nl/oost-maarland/rk-kerkhof-h-jozef-in-oost-maarland)

##### RK Kerkhof H. Lambertus

Horst aan de Maas - Swolgen

[Bekijk details](https://www.begraafplaatsinformatie.nl/swolgen/rk-kerkhof-h-lambertus-in-swolgen)

##### RK Kerkhof H. Martinus

Maasgouw - Beegden

[Bekijk details](https://www.begraafplaatsinformatie.nl/beegden/rk-kerkhof-h-martinus-in-beegden)

##### RK Kerkhof Heerlerheide

Heerlen

[Bekijk details](https://www.begraafplaatsinformatie.nl/heerlen/rk-kerkhof-heerlerheide-in-heerlen)

##### RK Kerkhof Heilige Michael

Maasgouw - Thorn

[Bekijk details](https://www.begraafplaatsinformatie.nl/thorn/rk-kerkhof-heilige-michael-in-thorn)

##### RK Kerkhof Johannes de Doper Limmel

Maastricht

[Bekijk details](https://www.begraafplaatsinformatie.nl/maastricht/rk-kerkhof-johannes-de-doper-limmel-in-maastricht)

##### RK Kerkhof Maria Onbevlekt Ontvangen

Peel en Maas - Kesseleik

[Bekijk details](https://www.begraafplaatsinformatie.nl/kesseleik/rk-kerkhof-maria-onbevlekt-ontvangen-in-kesseleik)

##### RK Kerkhof Mariaveld

Echt-Susteren - Susteren

[Bekijk details](https://www.begraafplaatsinformatie.nl/susteren/rk-kerkhof-mariaveld-in-susteren)

##### RK Kerkhof restant

Leudal - Heythuysen

[Bekijk details](https://www.begraafplaatsinformatie.nl/heythuysen/rk-kerkhof-restant-in-heythuysen)

##### RK Kerkhof Sint Pieter

Maastricht

[Bekijk details](https://www.begraafplaatsinformatie.nl/maastricht/rk-kerkhof-sint-pieter-in-maastricht)

##### RK Kerkhof St. Antonius

Venlo - Blerick

[Bekijk details](https://www.begraafplaatsinformatie.nl/blerick/rk-kerkhof-st-antonius-in-blerick)

##### RK Kerkhof St. Christina

Eijsden-Margraten - Eijsden

[Bekijk details](https://www.begraafplaatsinformatie.nl/eijsden/rk-kerkhof-st-christina-in-eijsden)

##### RK Kerkhof St. Hubertus

Beek - Groot Genhout

[Bekijk details](https://www.begraafplaatsinformatie.nl/groot-genhout/rk-kerkhof-st-hubertus-in-groot-genhout)

##### RK kerkhof St. Oda Boshoven

Weert

[Bekijk details](https://www.begraafplaatsinformatie.nl/weert/rk-kerkhof-st-oda-boshoven-in-weert)

##### RK Kerkhof St. Pancratius

Sittard-Geleen - Munstergeleen

[Bekijk details](https://www.begraafplaatsinformatie.nl/munstergeleen/rk-kerkhof-st-pancratius-in-munstergeleen)

##### RK kerkhof Tungelroy

Weert - Tungelroy

[Bekijk details](https://www.begraafplaatsinformatie.nl/tungelroy/rk-kerkhof-tungelroy-in-tungelroy)

##### RK Kerkhof Wolder

Maastricht

[Bekijk details](https://www.begraafplaatsinformatie.nl/maastricht/rk-kerkhof-wolder-in-maastricht)

##### RK kleine St. Janskerkhof

Heerlen - Hoensbroek

[Bekijk details](https://www.begraafplaatsinformatie.nl/hoensbroek/rk-kleine-st-janskerkhof-in-hoensbroek)

##### RK Martinuskerkhof Breust

Eijsden-Margraten - Eijsden

[Bekijk details](https://www.begraafplaatsinformatie.nl/eijsden/rk-martinuskerkhof-breust-in-eijsden)

##### RK St. Corneliuskerkhof

Maastricht - Borgharen

[Bekijk details](https://www.begraafplaatsinformatie.nl/borgharen/rk-st-corneliuskerkhof-in-borgharen)

##### Sint Annakerkhof

Echt-Susteren - Echt

[Bekijk details](https://www.begraafplaatsinformatie.nl/echt/sint-annakerkhof-in-echt)

##### St Lambertusbegraafplaats

Leudal - Haelen

[Bekijk details](https://www.begraafplaatsinformatie.nl/haelen/st-lambertusbegraafplaats-in-haelen)

##### St Martinusbegraafplaats

Weert

[Bekijk details](https://www.begraafplaatsinformatie.nl/weert/st-martinusbegraafplaats-in-weert)

##### St Petrus Canisiusbegraafplaats

Beekdaelen - Puth

[Bekijk details](https://www.begraafplaatsinformatie.nl/puth/st-petrus-canisiusbegraafplaats-in-puth)

##### St. Allegundiskerkhof

Leudal - Buggenum

[Bekijk details](https://www.begraafplaatsinformatie.nl/buggenum/st-allegundiskerkhof-in-buggenum)

##### St. Annakerkhof

Beek - Spaubeek

[Bekijk details](https://www.begraafplaatsinformatie.nl/spaubeek/st-annakerkhof-in-spaubeek)

##### St. Augustinuskerkhof

Stein - Elsloo

[Bekijk details](https://www.begraafplaatsinformatie.nl/elsloo/st-augustinuskerkhof-in-elsloo)

##### St. Barbarakerkhof

Horst aan de Maas - Griendtsveen

[Bekijk details](https://www.begraafplaatsinformatie.nl/griendtsveen/st-barbarakerkhof-in-griendtsveen)

##### St. Catharinakerkhof

Sittard-Geleen - Buchten

[Bekijk details](https://www.begraafplaatsinformatie.nl/buchten/st-catharinakerkhof-in-buchten)

##### St. Dionysiuskerkhof

Beekdaelen - Schinnen

[Bekijk details](https://www.begraafplaatsinformatie.nl/schinnen/st-dionysiuskerkhof-in-schinnen)

##### St. Isodoruskerkhof

Leudal - Haler

[Bekijk details](https://www.begraafplaatsinformatie.nl/haler/st-isodoruskerkhof-in-haler)

##### St. Jacobus de Meerderekerkhof

Leudal - Hunsel

[Bekijk details](https://www.begraafplaatsinformatie.nl/hunsel/st-jacobus-de-meerderekerkhof-in-hunsel)

##### St. Joannes de Doperkerkhof

Gulpen-Wittem - Mechelen

[Bekijk details](https://www.begraafplaatsinformatie.nl/mechelen/st-joannes-de-doperkerkhof-in-mechelen)

##### St. Johannes de Doperkerkhof

Valkenburg aan de Geul - Schin op Geul

[Bekijk details](https://www.begraafplaatsinformatie.nl/schin-op-geul/st-johannes-de-doperkerkhof-in-schin-op-geul)

##### St. Lambertuskerkhof

Leudal - Neeritter

[Bekijk details](https://www.begraafplaatsinformatie.nl/neeritter/st-lambertuskerkhof-in-neeritter)

##### St. Lambertuskerkhof Kerkrade-Kom

Kerkrade

[Bekijk details](https://www.begraafplaatsinformatie.nl/kerkrade/st-lambertuskerkhof-kerkrade-kom-in-kerkrade)

##### St. Lambertuskerkhof met grafkapel fam. De Loë

Eijsden-Margraten - Mheer

[Bekijk details](https://www.begraafplaatsinformatie.nl/mheer/st-lambertuskerkhof-met-grafkapel-fam-de-lo-in-mheer)

##### St. Laurentiuskerkhof

Eijsden-Margraten - Bemelen

[Bekijk details](https://www.begraafplaatsinformatie.nl/bemelen/st-laurentiuskerkhof-in-bemelen)

##### St. Laurentiuskerkhof Hoeve

Beek - Spaubeek

[Bekijk details](https://www.begraafplaatsinformatie.nl/spaubeek/st-laurentiuskerkhof-hoeve-in-spaubeek)

##### St. Liduïnakerkhof

Leudal - Kelpen

[Bekijk details](https://www.begraafplaatsinformatie.nl/kelpen/st-lidu-nakerkhof-in-kelpen)

##### St. Martinuskerkhof

Maasgouw - Linne

[Bekijk details](https://www.begraafplaatsinformatie.nl/linne/st-martinuskerkhof-in-linne)

##### St. Martinuskerkhof

Leudal - Horn

[Bekijk details](https://www.begraafplaatsinformatie.nl/horn/st-martinuskerkhof-in-horn)

##### St. Martinuskerkhof

Gennep

[Bekijk details](https://www.begraafplaatsinformatie.nl/gennep/st-martinuskerkhof-in-gennep)

##### St. Martinuskerkhof van Wijck

Maastricht

[Bekijk details](https://www.begraafplaatsinformatie.nl/maastricht/st-martinuskerkhof-van-wijck-in-maastricht)

##### St. Martinuskerkhof Welten

Heerlen

[Bekijk details](https://www.begraafplaatsinformatie.nl/heerlen/st-martinuskerkhof-welten-in-heerlen)

##### St. Mauritiuskerkhof

Valkenburg aan de Geul - Schin op Geul

[Bekijk details](https://www.begraafplaatsinformatie.nl/schin-op-geul/st-mauritiuskerkhof-in-schin-op-geul)

##### St. Petrusbegraafplaats

Bergen Li - Bergen

[Bekijk details](https://www.begraafplaatsinformatie.nl/bergen/st-petrusbegraafplaats-in-bergen)

##### St. Petrusbegraafplaats

Leudal - Roggel

[Bekijk details](https://www.begraafplaatsinformatie.nl/roggel/st-petrusbegraafplaats-in-roggel)

##### St. Remigiuskerkhof

Voerendaal - Klimmen

[Bekijk details](https://www.begraafplaatsinformatie.nl/klimmen/st-remigiuskerkhof-in-klimmen)

##### St. Salvatiuskerkhof

Sittard-Geleen - Limbricht

[Bekijk details](https://www.begraafplaatsinformatie.nl/limbricht/st-salvatiuskerkhof-in-limbricht)

##### St. Servatiusbegraafplaats

Beekdaelen - Vaesrade

[Bekijk details](https://www.begraafplaatsinformatie.nl/vaesrade/st-servatiusbegraafplaats-in-vaesrade)

##### St. Servatiuskerkhof

Leudal - Nunhem

[Bekijk details](https://www.begraafplaatsinformatie.nl/nunhem/st-servatiuskerkhof-in-nunhem)

##### St. Severinuskerkhof

Leudal - Grathem

[Bekijk details](https://www.begraafplaatsinformatie.nl/grathem/st-severinuskerkhof-in-grathem)

##### Tussen de Bergen

Roermond

[Bekijk details](https://www.begraafplaatsinformatie.nl/roermond/tussen-de-bergen-in-roermond)

##### Voormalig NH Kerkhof

Gennep

[Bekijk details](https://www.begraafplaatsinformatie.nl/gennep/voormalig-nh-kerkhof-in-gennep)

##### War Cemetery Swartbroek

Weert - Swartbroek

[Bekijk details](https://www.begraafplaatsinformatie.nl/swartbroek/war-cemetery-swartbroek-in-swartbroek)

### Over Begraafplaatsinformatie.nl

Wij zijn dé online directory voor begraafplaatsen in Nederland. Onze missie is om betrouwbare en actuele informatie te bieden over alle begraafplaatsen in het land.

### Contact

Email: [info@begraafplaatsinformatie.nl](mailto:info@begraafplaatsinformatie.nl)

###### Per provincie

*   [Drenthe](https://www.begraafplaatsinformatie.nl/drenthe)
*   [Flevoland](https://www.begraafplaatsinformatie.nl/flevoland)
*   [Friesland](https://www.begraafplaatsinformatie.nl/friesland)
*   [Gelderland](https://www.begraafplaatsinformatie.nl/gelderland)
*   [Groningen](https://www.begraafplaatsinformatie.nl/groningen)
*   [Limburg](https://www.begraafplaatsinformatie.nl/limburg)
*   [Noord-Brabant](https://www.begraafplaatsinformatie.nl/noord-brabant)
*   [Noord-Holland](https://www.begraafplaatsinformatie.nl/noord-holland)
*   [Overijssel](https://www.begraafplaatsinformatie.nl/overijssel)
*   [Utrecht](https://www.begraafplaatsinformatie.nl/utrecht)
*   [Zeeland](https://www.begraafplaatsinformatie.nl/zeeland)
*   [Zuid-Holland](https://www.begraafplaatsinformatie.nl/zuid-holland)
*   [Alle provincies →](https://www.begraafplaatsinformatie.nl/provincies)

*   [Over ons](https://www.begraafplaatsinformatie.nl/over-ons)
*   [Contact](https://www.begraafplaatsinformatie.nl/contact)
*   [Privacy](https://www.begraafplaatsinformatie.nl/privacy)

*   [info@begraafplaatsinformatie.nl](mailto:info@begraafplaatsinformatie.nl)

### Mogen wij iets vragen?

×

Om onze website zo goed mogelijk te verbeteren en aan te passen op de reden van uw bezoek, willen we graag weten wat het doel van uw bezoek is.

Er wordt zorgvuldig omgegaan met uw gegevens en we slaan geen persoonsgegevens op bij deze survey.

Verstuur
